CREATE TABLE COLORS(CID INT PRIMARY KEY,NAME VARCHAR(50));

Table created.

SQL> INSERT INTO COLORS VALUES(&CID,'&NAME');
Enter value for cid: 1
Enter value for name: BLUE
old   1: INSERT INTO COLORS VALUES(&CID,'&NAME')
new   1: INSERT INTO COLORS VALUES(1,'BLUE')

1 row created.

SQL> /
Enter value for cid: 2
Enter value for name: PINK
old   1: INSERT INTO COLORS VALUES(&CID,'&NAME')
new   1: INSERT INTO COLORS VALUES(2,'PINK')

1 row created.

SQL> /
Enter value for cid: 3
Enter value for name: YELLOW
old   1: INSERT INTO COLORS VALUES(&CID,'&NAME')
new   1: INSERT INTO COLORS VALUES(3,'YELLOW')

1 row created.

SQL> 4
SP2-0226: Invalid line number
SQL> /
Enter value for cid: 4
Enter value for name: RED
old   1: INSERT INTO COLORS VALUES(&CID,'&NAME')
new   1: INSERT INTO COLORS VALUES(4,'RED')

1 row created.

SQL> 5
SP2-0226: Invalid line number
SQL> /
Enter value for cid: 5
Enter value for name: GREEN
old   1: INSERT INTO COLORS VALUES(&CID,'&NAME')
new   1: INSERT INTO COLORS VALUES(5,'GREEN')

1 row created.

 SELECT * FROM COLORS;

       CID NAME
---------- --------------------------------------------------
	 1 BLUE
	 2 PINK
	 3 YELLOW
	 4 RED
	 5 GREEN


INSERT INTO COLORS VALUES(&CID,'&NAME');
Enter value for cid: 6
Enter value for name: BLACK
old   1: INSERT INTO COLORS VALUES(&CID,'&NAME')
new   1: INSERT INTO COLORS VALUES(6,'BLACK')

1 row created.

SQL> /
Enter value for cid: 7
Enter value for name: WHITE
old   1: INSERT INTO COLORS VALUES(&CID,'&NAME')
new   1: INSERT INTO COLORS VALUES(7,'WHITE')

1 row created.

SAVEPOINT A;

Savepoint created.
INSERT INTO COLORS VALUES(&CID,'&NAME');
Enter value for cid: 8
Enter value for name: VIOLET
old   1: INSERT INTO COLORS VALUES(&CID,'&NAME')
new   1: INSERT INTO COLORS VALUES(8,'VIOLET')

1 row created.

SQL> /
Enter value for cid: 9
Enter value for name: ORANGE
old   1: INSERT INTO COLORS VALUES(&CID,'&NAME')
new   1: INSERT INTO COLORS VALUES(9,'ORANGE')

1 row created.

SELECT * FROM COLORS;

       CID NAME
---------- --------------------------------------------------
	 1 BLUE
	 2 PINK
	 3 YELLOW
	 4 RED
	 5 GREEN
	 6 BLACK
	 7 WHITE
	 8 VIOLET
	 9 ORANGE

9 rows selected.


 ROLLBACK TO A;

Rollback complete.

SQL> SELECT * FROM COLORS;

       CID NAME
---------- --------------------------------------------------
	 1 BLUE
	 2 PINK
	 3 YELLOW
	 4 RED
	 5 GREEN
	 6 BLACK
	 7 WHITE

7 rows selected.

ROLLBACK;

Rollback complete.
